Week;Donald Trump;feminism;racism;Democratic;Republican;economy;privacy;minimal wage;cyber security;charity;ecology;European Union;USA;patriotism;ethics;happiness;retirement;education;UFO;China;Russia;politics;income;gold;Hilary Clinton;religion;fashion;terrorism;war;stock exchange;recreational marijuana;vacations;poverty;tax
2013-01-20;0;23;32;6;9;70;38;53;18;68;84;9;24;25;82;83;80;87;31;63;17;25;55;57;6;68;88;15;45;54;2;94;65;73
2013-01-27;0;24;32;6;7;76;38;52;21;73;86;8;24;21;90;85;80;95;28;63;16;26;64;58;5;68;88;16;47;57;2;89;69;95
2013-02-03;0;27;34;6;7;76;39;46;23;73;85;8;25;21;92;84;76;95;26;62;17;25;61;56;2;69;88;16;50;55;2;81;71;88
2013-02-10;0;28;37;6;8;75;38;56;29;70;81;7;24;20;90;85;77;91;28;61;100;25;58;57;2;71;90;15;49;55;2;80;71;80
2013-02-17;0;26;34;6;7;76;39;68;29;73;87;8;24;21;89;85;75;91;32;63;47;25;57;60;1;70;92;16;49;57;2;82;74;78
2013-02-24;0;30;37;6;7;80;40;100;25;72;93;8;24;20;93;89;79;99;28;63;20;28;62;58;1;72;93;17;51;57;2;78;77;79
2013-03-03;0;37;38;6;7;79;42;39;23;72;86;8;25;20;96;84;81;100;32;67;18;27;58;56;1;71;89;16;53;57;2;78;80;72
2013-03-10;0;32;36;6;6;75;43;57;27;73;87;8;25;19;89;78;76;93;27;66;17;25;55;57;1;77;91;15;56;51;2;74;77;70
2013-03-17;0;31;38;6;7;77;41;36;25;72;90;8;25;18;91;89;77;93;26;66;18;26;55;55;2;72;89;15;60;54;2;75;75;69
2013-03-24;0;28;34;5;6;71;39;34;24;66;83;8;26;16;81;80;78;84;28;66;21;23;55;54;1;71;88;14;60;52;2;71;64;69
2013-03-31;0;30;34;5;6;71;39;48;25;66;85;7;25;14;81;76;79;85;27;70;17;23;55;55;1;68;87;13;59;51;2;68;67;73
2013-04-07;0;35;40;6;6;79;41;12;27;71;93;8;24;20;90;81;82;92;27;73;18;27;61;58;1;70;90;16;55;52;2;67;77;87
2013-04-14;0;33;40;6;7;77;40;57;25;74;97;9;25;23;94;80;74;92;26;72;20;26;56;100;1;73;86;54;53;54;2;63;76;81
2013-04-21;0;34;43;6;6;79;39;42;24;75;99;8;24;23;94;79;77;92;26;71;18;26;45;73;1;73;89;33;49;54;3;62;80;53
2013-04-28;0;34;41;6;6;77;41;70;24;72;97;8;24;21;92;78;78;92;29;67;16;27;46;63;1;71;87;22;50;52;2;61;77;55
2013-05-05;0;31;42;6;6;75;42;52;26;68;99;8;24;21;89;79;84;94;29;65;17;28;41;60;1;69;87;20;48;53;2;59;73;47
2013-05-12;0;32;39;6;6;75;40;42;23;71;93;9;24;19;80;77;77;93;30;65;18;27;40;61;1;66;85;19;47;55;3;58;70;47
2013-05-19;0;25;40;5;6;70;38;45;23;70;82;8;24;20;72;74;73;88;27;64;17;24;39;61;1;67;85;27;47;55;2;58;64;45
2013-05-26;0;25;36;4;5;66;36;51;21;65;79;7;24;19;65;77;73;81;27;70;17;21;38;57;1;62;84;17;48;52;2;61;57;44
2013-06-02;0;23;32;5;5;66;39;51;23;65;79;7;25;16;68;75;77;89;27;65;18;22;39;55;1;60;80;15;48;54;2;62;58;43
2013-06-09;0;23;30;5;5;62;43;51;26;68;74;7;24;15;70;76;72;84;30;64;16;23;40;56;2;57;81;13;46;53;2;63;54;44
2013-06-16;0;23;28;4;5;61;39;48;23;68;78;6;27;16;70;74;74;84;32;62;15;21;40;58;1;54;80;13;57;55;2;65;52;45
2013-06-23;0;21;31;4;5;61;38;51;24;67;70;6;25;16;65;72;76;82;28;63;16;22;42;67;1;53;81;12;60;54;2;66;47;48
2013-06-30;0;19;29;4;4;55;35;46;25;66;60;8;25;32;55;74;64;74;29;60;15;19;43;65;1;50;84;12;54;50;1;63;44;48
2013-07-07;0;19;33;4;5;58;39;53;25;73;60;6;25;17;63;75;73;80;79;63;15;20;48;64;1;52;82;12;46;52;2;68;48;50
2013-07-14;0;18;54;4;5;59;40;34;26;68;61;6;26;16;61;73;73;78;29;63;16;21;52;62;1;53;81;13;44;53;2;66;50;54
2013-07-21;0;18;33;4;6;60;37;40;28;67;62;6;26;18;63;74;75;77;28;64;16;20;66;63;1;54;82;12;42;49;2;68;53;58
2013-07-28;0;19;28;4;5;58;36;40;26;71;63;5;25;20;61;77;78;79;29;65;16;20;84;61;1;54;84;12;42;50;2;67;55;72
2013-08-04;0;20;33;4;5;57;35;31;23;76;64;5;25;24;57;76;72;76;29;63;18;20;48;57;1;55;80;13;41;46;2;65;51;51
2013-08-11;0;20;31;4;5;60;39;68;24;79;69;5;25;35;62;74;73;81;32;66;18;21;41;60;1;56;82;12;41;49;3;62;54;44
2013-08-18;0;19;26;4;5;64;34;33;22;67;74;5;25;19;65;71;72;85;31;65;17;21;42;60;1;58;80;14;41;54;2;58;53;43
2013-08-25;0;22;28;5;6;68;35;47;30;65;79;5;25;21;76;72;68;86;27;64;22;23;41;62;1;62;83;12;49;54;3;55;59;44
2013-09-01;0;23;27;6;5;71;37;32;26;69;89;6;26;22;80;72;67;90;27;66;23;26;42;60;1;66;91;13;62;52;3;55;60;42
2013-09-08;0;26;30;6;6;76;38;31;25;80;98;7;27;35;92;76;69;95;27;66;21;27;45;60;1;72;96;16;53;53;3;53;66;44
2013-09-15;0;27;36;6;6;78;39;71;27;71;94;7;25;31;95;74;70;94;26;63;17;26;46;60;1;70;94;15;48;57;3;53;73;43
2013-09-22;0;27;32;6;7;77;39;46;29;72;94;7;24;34;94;73;73;92;31;67;17;26;50;58;1;71;91;21;44;58;3;51;76;46
2013-09-29;0;28;32;7;12;80;39;46;31;73;95;7;25;43;93;72;73;90;34;70;17;30;48;58;1;68;89;17;43;53;2;53;80;47
2013-10-06;0;31;33;7;10;79;43;69;27;75;97;8;25;49;98;72;75;89;31;69;16;30;43;58;1;71;91;16;44;55;3;55;78;43
2013-10-13;0;31;37;7;11;77;47;37;25;74;90;8;25;53;94;74;73;86;31;70;17;29;43;61;1;70;90;16;44;53;3;56;81;44
2013-10-20;0;34;42;7;8;75;40;31;28;74;95;8;24;64;94;77;74;88;31;68;17;28;44;58;1;70;89;17;43;54;3;56;81;43
2013-10-27;0;32;39;6;7;73;39;65;27;71;87;7;24;49;91;72;76;83;30;67;17;27;42;58;1;68;87;17;43;52;3;55;78;43
2013-11-03;0;34;40;8;9;73;42;73;28;79;90;8;24;26;93;73;72;87;29;68;17;29;42;55;1;71;88;18;44;55;6;60;86;40
2013-11-10;0;38;41;6;7;75;39;56;28;89;91;8;25;29;97;73;80;89;28;72;18;28;44;57;1;73;93;17;48;54;4;60;85;41
2013-11-17;0;37;43;6;7;76;40;55;26;86;91;8;25;23;97;75;80;89;28;68;20;28;44;57;1;72;88;17;44;54;4;55;85;42
2013-11-24;0;32;34;4;5;64;34;36;24;76;78;8;24;19;79;76;62;73;27;69;16;24;38;58;1;66;90;14;41;52;3;50;71;39
2013-12-01;0;36;47;6;6;75;37;49;29;88;89;8;24;25;98;73;72;87;28;70;16;27;43;59;1;72;87;19;45;53;5;54;86;43
2013-12-08;0;39;44;6;6;76;37;36;26;80;86;8;24;22;92;74;71;82;29;66;17;28;43;59;1;70;100;18;44;51;5;54;82;43
2013-12-15;0;32;32;5;6;63;33;42;23;75;71;7;25;17;65;73;74;72;27;66;17;22;41;61;1;64;83;14;43;49;4;54;62;44
2013-12-22;0;19;22;2;4;44;27;41;17;56;41;4;23;9;33;75;64;47;32;61;15;16;34;63;1;57;83;9;40;44;6;66;37;35
2013-12-29;0;23;21;3;5;51;31;60;20;65;49;5;25;11;41;84;79;66;34;64;20;19;42;62;1;52;82;11;40;49;34;95;42;49
2014-01-05;0;29;28;5;6;65;35;48;23;70;75;7;26;21;69;72;81;89;49;65;18;24;50;59;1;61;83;13;41;51;23;100;69;55
2014-01-12;0;33;36;5;7;72;37;61;28;72;83;8;24;23;83;75;81;92;32;65;18;25;53;58;1;65;88;15;42;53;17;94;72;60
2014-01-19;0;32;38;5;7;71;37;63;28;73;84;8;24;26;82;75;80;90;31;64;21;25;57;58;1;62;84;16;41;58;13;90;70;67
2014-01-26;0;33;34;6;10;75;38;86;26;71;82;8;24;26;89;73;84;91;31;63;20;26;64;57;1;64;84;16;42;55;11;83;74;86
2014-02-02;0;32;37;6;7;74;37;36;26;72;79;8;25;22;89;79;76;90;27;61;42;25;62;57;1;67;82;18;41;53;9;75;73;88
2014-02-09;0;33;41;6;6;75;36;67;26;67;81;7;29;22;88;76;77;88;26;63;50;25;58;67;1;66;85;16;41;53;9;74;72;75
2014-02-16;0;31;39;6;7;76;39;37;28;71;83;8;34;23;88;75;83;91;26;65;40;27;59;70;1;67;89;15;42;55;9;77;71;73
2014-02-23;0;35;42;6;7;82;41;36;29;73;84;8;25;24;94;76;97;96;25;67;34;27;60;66;1;70;85;16;44;55;9;79;79;74
2014-03-02;0;40;41;7;8;80;40;55;28;72;85;9;25;22;93;80;86;94;27;72;75;27;57;58;2;68;88;17;49;57;11;81;84;67
2014-03-09;0;39;40;6;7;76;44;44;29;71;85;8;24;22;90;77;77;89;35;70;32;26;57;57;1;68;84;19;43;54;10;72;79;66
2014-03-16;0;37;39;6;7;76;42;55;27;74;86;8;24;22;87;100;80;88;32;66;41;26;56;55;1;68;84;16;43;53;9;69;78;66
2014-03-23;0;38;41;6;6;75;41;36;29;73;85;8;24;22;87;75;82;89;28;66;32;26;60;55;1;67;83;15;42;52;8;67;77;68
2014-03-30;0;36;38;6;6;74;42;55;29;69;89;8;25;19;88;73;83;90;28;65;25;26;59;56;1;66;83;15;41;55;8;62;76;71
2014-04-06;0;38;41;6;7;77;42;42;28;72;90;8;23;20;88;77;79;86;29;65;23;27;58;54;3;66;85;15;42;51;8;58;75;75
2014-04-13;0;36;34;6;6;71;41;41;25;67;84;7;23;18;82;75;78;79;28;65;25;25;60;56;2;67;84;16;42;50;9;58;70;85
2014-04-20;0;39;41;6;6;74;42;61;27;70;95;8;23;20;88;75;77;84;27;67;26;26;46;55;1;72;81;16;45;51;9;58;75;52
2014-04-27;0;39;100;7;7;80;42;64;28;75;96;8;24;22;91;77;80;89;27;65;26;26;47;56;1;70;81;17;45;47;8;56;77;54
2014-05-04;0;46;52;7;7;78;43;49;24;71;90;9;23;21;88;73;74;88;28;66;26;26;42;53;2;68;80;18;45;48;8;54;75;45
2014-05-11;0;37;44;7;6;75;41;55;26;76;85;9;24;20;78;70;76;94;29;68;24;29;40;53;2;67;79;17;45;50;6;54;67;45
2014-05-18;0;32;41;8;7;73;40;58;29;73;83;9;24;21;74;72;76;90;29;70;22;27;41;55;1;65;78;17;43;52;7;55;68;44
2014-05-25;0;40;37;6;6;65;41;26;26;66;75;9;24;20;65;72;76;86;27;69;21;25;38;57;1;63;78;15;43;48;7;56;59;43
2014-06-01;0;36;44;6;7;67;40;55;28;68;75;7;25;17;68;68;77;88;27;62;21;23;41;60;2;62;82;15;41;49;7;57;60;45
2014-06-08;0;31;34;5;7;63;38;47;27;68;73;7;28;20;69;66;77;84;25;61;20;22;43;55;4;59;76;15;39;49;7;59;57;44
2014-06-15;0;28;37;4;6;61;37;50;27;63;67;6;37;19;72;66;75;82;26;59;39;20;43;55;3;59;74;15;38;49;7;61;52;45
2014-06-22;0;27;32;5;6;59;37;38;27;64;61;6;55;22;66;68;80;83;28;60;38;20;45;55;2;56;76;13;38;48;6;62;50;49
2014-06-29;0;29;41;4;5;56;34;36;26;62;58;6;44;35;58;64;72;78;29;58;18;19;45;54;2;58;75;12;37;47;8;57;46;50
2014-07-06;0;34;29;4;6;58;35;35;26;66;61;5;25;21;60;68;76;80;31;58;18;19;54;54;2;57;79;13;38;48;15;65;49;55
2014-07-13;0;33;30;4;5;59;36;56;27;70;57;6;26;17;61;66;79;79;30;60;35;20;57;57;2;59;78;15;39;50;10;65;47;57
2014-07-20;0;35;27;4;5;59;39;33;27;68;61;6;25;21;60;68;77;77;29;63;27;19;65;56;2;59;78;15;40;49;10;64;51;58
2014-07-27;0;42;26;4;6;59;37;48;25;66;60;5;26;20;57;72;81;76;30;66;24;19;77;57;2;58;77;13;41;44;11;63;50;68
2014-08-03;0;35;25;4;5;59;38;40;31;72;59;5;26;36;59;80;74;79;29;69;24;20;46;56;2;58;77;14;44;50;9;60;52;49
2014-08-10;0;31;31;4;6;61;39;27;27;82;66;5;25;48;63;75;75;85;32;63;22;22;42;55;2;65;77;13;49;49;8;59;55;45
2014-08-17;0;29;36;4;5;63;38;44;27;85;75;5;26;21;68;73;78;88;31;65;20;23;44;55;1;61;80;14;41;49;6;57;57;45
2014-08-24;0;39;34;5;5;68;37;43;31;100;81;6;25;22;77;70;75;89;29;64;23;23;42;55;1;64;83;16;38;49;7;53;62;45
2014-08-31;0;37;34;5;5;71;39;50;28;76;87;6;26;22;86;71;71;92;28;63;25;26;44;55;1;67;89;19;39;51;7;53;63;44
2014-09-07;0;41;36;6;6;78;39;19;34;72;95;7;27;31;97;73;72;97;25;64;23;27;46;57;1;71;98;22;40;51;9;51;67;44
2014-09-14;0;40;37;6;6;80;41;50;34;75;92;7;25;30;98;72;73;95;25;69;22;27;47;58;2;70;90;23;40;56;9;52;73;45
2014-09-21;0;74;36;6;6;77;40;49;35;75;93;7;24;29;94;72;73;92;26;66;20;27;50;59;2;72;87;23;41;56;8;51;68;47
2014-09-28;0;54;39;6;7;77;42;64;35;74;95;7;25;33;94;73;76;89;26;70;19;28;46;58;1;74;86;20;41;51;8;53;69;52
2014-10-05;0;49;39;7;7;78;40;52;37;75;92;7;25;38;92;71;71;88;27;66;21;29;45;58;1;71;82;18;41;46;7;50;71;46
2014-10-12;0;49;42;7;8;79;41;30;36;75;90;7;25;25;96;72;68;91;26;65;20;30;46;58;1;70;83;18;41;57;7;50;78;47
2014-10-19;0;62;43;8;9;75;39;41;34;72;87;7;24;24;94;70;72;87;27;64;19;32;41;57;1;70;82;23;43;51;7;50;75;43
2014-10-26;0;56;40;9;10;78;39;68;36;70;88;8;24;27;95;67;77;88;29;64;18;35;47;60;2;69;81;18;43;52;7;50;77;48
2014-11-02;0;54;42;15;28;78;40;50;33;74;88;8;24;26;94;69;73;91;27;63;19;42;45;65;2;70;82;17;44;53;28;54;81;46
2014-11-09;0;57;42;7;8;77;39;39;35;77;91;8;24;29;98;72;72;90;27;70;22;29;46;64;1;69;81;17;48;54;11;54;82;44
2014-11-16;0;63;43;6;7;81;39;46;34;77;88;8;25;24;98;72;72;89;25;66;22;28;46;61;1;69;84;19;45;53;11;51;84;45
2014-11-23;0;47;56;5;5;67;35;58;29;69;71;7;24;21;78;68;62;74;25;61;19;24;42;61;1;63;84;17;41;53;9;46;71;42
2014-11-30;0;53;58;6;6;80;40;72;40;79;85;8;23;23;95;75;76;86;24;63;21;27;46;65;1;68;95;19;46;51;10;50;82;48
2014-12-07;0;51;55;6;6;83;37;58;32;75;83;8;23;21;92;74;73;83;25;63;20;27;45;62;1;68;98;19;47;55;8;49;80;45
2014-12-14;0;42;46;5;6;76;34;24;36;70;71;7;23;19;70;71;72;73;25;62;26;23;43;62;1;65;83;38;45;56;8;52;59;45
2014-12-21;0;27;27;3;4;50;29;27;27;53;40;4;22;11;33;70;55;49;29;60;20;20;34;64;1;56;80;17;42;44;7;55;34;35
2014-12-28;0;32;25;3;4;52;32;46;28;57;45;5;23;12;38;76;84;60;32;63;20;18;42;64;1;52;83;13;44;46;9;81;38;50
2015-01-04;0;43;34;5;6;72;57;39;38;70;72;7;24;20;67;74;79;84;28;63;23;24;51;59;1;71;81;37;43;52;10;89;57;59
2015-01-11;0;43;38;5;6;78;36;61;43;67;79;7;24;23;80;72;79;89;26;64;20;25;52;59;1;77;83;39;45;54;9;87;65;61
2015-01-18;0;41;39;5;9;79;36;68;41;72;79;7;24;31;82;76;79;88;31;64;20;26;57;60;1;69;83;26;45;54;8;83;68;72
2015-01-25;1;43;37;6;7;80;38;82;39;70;81;8;25;29;86;68;83;90;26;62;22;27;62;58;1;66;82;23;46;57;8;75;72;87
2015-02-01;0;45;38;6;6;80;38;47;43;74;84;7;23;25;89;71;80;92;24;63;21;27;63;57;1;70;80;24;45;53;8;72;72;89
2015-02-08;0;46;40;6;6;79;39;57;50;68;82;7;23;22;88;69;80;91;25;62;22;28;60;57;1;69;83;25;46;54;9;69;74;81
2015-02-15;0;44;43;5;6;76;37;58;43;65;77;7;24;24;84;69;80;84;27;61;22;27;58;58;1;70;85;24;48;53;8;75;69;74
2015-02-22;1;50;48;6;7;80;39;89;42;69;85;7;24;26;91;71;85;91;30;62;21;28;62;95;1;70;88;25;48;52;14;73;76;76
2015-03-01;0;50;44;7;7;81;38;52;42;71;87;7;24;24;93;68;84;91;25;63;21;36;60;71;3;70;84;22;47;51;12;71;77;73
2015-03-08;0;58;61;6;8;80;40;56;42;73;87;7;24;25;89;69;82;89;24;62;20;40;59;66;7;67;84;20;46;49;11;66;76;70
2015-03-15;0;47;54;6;7;77;40;62;40;67;82;7;23;22;87;86;85;87;25;62;22;33;58;60;2;67;82;21;45;52;9;62;74;70
2015-03-22;0;52;48;6;7;75;40;61;40;71;83;7;23;25;86;70;85;88;24;62;22;31;60;58;2;69;81;23;46;48;8;60;71;69
2015-03-29;0;45;41;5;6;70;39;64;37;82;80;7;23;18;80;66;86;82;25;61;19;28;60;60;2;71;79;20;47;49;8;56;64;76
2015-04-05;0;47;41;6;7;71;41;58;42;61;78;6;24;18;83;68;83;84;25;65;19;26;59;59;4;69;78;21;46;51;9;57;67;78
2015-04-12;0;52;46;8;10;79;42;65;45;67;94;8;25;22;89;66;84;90;23;67;20;29;66;58;25;69;80;23;47;51;10;52;77;96
2015-04-19;0;55;48;7;8;78;43;57;43;67;96;8;23;24;91;71;81;90;26;67;19;30;50;61;6;69;77;21;51;50;12;52;79;59
2015-04-26;0;53;57;7;7;79;43;56;44;78;97;8;24;24;92;69;82;89;28;66;19;29;50;60;4;69;77;20;52;48;9;49;81;59
2015-05-03;0;51;52;8;8;78;43;60;40;70;93;9;23;25;87;69;77;91;26;65;20;35;45;57;3;66;77;20;53;49;10;47;80;52
2015-05-10;0;50;48;7;7;78;41;52;41;70;89;8;23;23;83;65;78;92;25;66;21;27;44;56;3;65;75;20;50;47;10;49;76;50
2015-05-17;0;50;42;6;7;73;40;59;45;70;88;7;23;21;73;65;77;89;24;64;22;23;43;56;3;64;75;20;48;49;9;49;70;49
2015-05-24;0;47;38;5;6;70;40;52;36;62;77;7;23;21;66;63;77;91;24;64;20;22;41;56;3;60;74;17;47;49;9;51;60;48
2015-05-31;0;45;38;6;7;70;43;38;41;69;76;6;24;17;68;64;80;90;26;68;18;23;44;57;2;61;74;17;44;47;8;55;60;52
2015-06-07;0;42;39;5;6;67;42;78;42;68;70;6;26;16;69;71;79;85;24;63;18;22;43;56;3;58;72;15;41;49;9;55;57;48
2015-06-14;7;36;43;6;10;65;40;50;41;67;71;6;25;15;68;65;78;83;25;63;19;21;44;57;5;59;73;21;44;47;11;54;54;50
2015-06-21;4;34;49;6;9;63;40;35;45;65;64;6;27;19;63;64;80;82;25;68;18;21;45;59;3;58;75;21;44;48;10;56;54;50
2015-06-28;7;31;35;6;9;69;37;55;41;64;60;8;30;31;56;63;77;76;32;63;17;20;48;59;3;57;74;24;41;58;14;53;48;56
2015-07-05;4;30;32;6;9;74;37;55;45;65;58;8;30;22;59;64;80;80;28;69;18;20;51;66;3;53;75;16;41;100;11;57;48;60
2015-07-12;6;31;35;6;10;66;37;38;47;66;58;7;26;17;59;65;83;74;27;65;17;20;53;68;3;54;73;18;41;48;11;57;47;57
2015-07-19;6;38;37;7;12;64;38;66;45;65;59;5;26;20;59;66;78;76;27;65;17;21;54;84;3;52;72;17;42;47;11;59;50;55
2015-07-26;4;34;36;6;12;64;40;75;42;71;60;5;24;23;60;65;80;76;29;70;17;21;54;75;3;52;74;17;41;55;10;59;50;60
2015-08-02;7;33;29;12;94;65;44;63;43;81;62;5;24;32;58;64;76;77;29;64;17;23;53;68;4;52;73;15;40;52;11;56;53;58
2015-08-09;6;32;32;10;21;69;44;50;42;62;63;5;24;48;61;68;79;85;32;100;17;25;53;66;5;53;73;15;41;50;9;55;54;53
2015-08-16;6;35;29;8;14;72;43;54;44;63;69;5;24;27;66;69;77;87;27;77;17;25;60;66;6;57;74;16;45;53;10;53;57;53
2015-08-23;8;37;35;8;12;83;42;51;44;63;80;5;24;25;74;67;80;88;25;76;17;25;74;66;4;62;76;15;46;92;9;49;58;58
2015-08-30;6;38;36;8;12;81;41;75;43;66;86;6;24;25;82;65;72;90;29;72;20;27;73;63;4;68;77;15;50;54;9;46;64;57
2015-09-06;4;38;35;9;13;81;40;60;45;68;91;7;24;30;87;66;69;91;26;67;20;28;52;63;4;73;81;18;53;52;9;45;64;47
2015-09-13;7;42;43;15;71;85;42;64;48;85;97;7;24;31;94;67;73;93;24;65;20;33;51;62;5;76;85;18;48;47;9;45;71;48
2015-09-20;5;44;39;11;21;83;41;57;46;72;97;7;25;24;92;69;73;87;24;67;20;31;51;61;4;82;82;16;47;45;10;46;70;48
2015-09-27;4;45;38;10;14;84;100;70;52;72;97;6;24;27;94;65;75;91;25;68;28;29;57;61;4;77;80;20;46;48;14;45;73;54
2015-10-04;3;47;40;14;13;82;44;44;51;75;93;7;25;26;96;67;73;89;28;70;32;30;47;60;5;71;80;19;45;49;12;46;77;50
2015-10-11;4;49;40;100;18;80;42;70;51;71;88;7;25;25;92;68;72;90;27;67;29;32;48;61;8;71;78;18;44;48;12;46;78;49
2015-10-18;3;46;45;18;16;79;43;64;53;74;89;7;23;26;90;66;79;84;26;69;23;32;45;59;9;71;77;18;45;47;11;46;77;47
2015-10-25;4;47;41;15;59;79;41;56;54;70;84;6;23;25;91;63;77;84;28;70;22;30;47;60;5;72;76;17;43;46;10;44;77;51
2015-11-01;3;54;51;18;21;80;43;68;53;77;87;7;23;36;95;65;77;91;31;67;24;31;47;62;4;74;75;17;46;47;16;49;82;48
2015-11-08;4;49;74;21;51;79;40;44;49;92;87;8;23;33;90;68;71;83;100;68;25;30;42;64;4;81;83;51;50;44;11;49;82;43
2015-11-15;4;49;55;30;17;79;41;41;56;81;86;8;23;28;92;70;73;86;29;68;33;30;45;63;4;100;76;100;53;47;10;44;83;44
2015-11-22;4;41;45;8;11;66;36;48;41;68;70;7;23;22;76;67;62;73;28;62;41;26;40;64;2;73;78;44;56;44;9;41;65;42
2015-11-29;4;50;50;9;13;78;40;73;57;83;85;7;23;27;91;69;82;86;28;64;29;29;47;67;3;76;77;58;52;46;9;46;80;48
2015-12-06;12;53;51;11;20;80;39;30;51;79;87;7;23;27;92;70;72;83;26;66;24;31;49;65;4;82;89;48;52;46;9;45;80;47
2015-12-13;7;46;42;19;51;72;36;42;46;73;77;7;22;22;75;70;70;74;26;71;23;28;48;67;3;71;75;32;51;43;9;47;67;48
2015-12-20;6;31;25;29;15;51;30;31;34;60;43;4;23;12;38;69;58;50;28;64;22;20;37;69;7;62;74;19;48;38;10;49;37;39
2015-12-27;4;34;25;7;12;51;31;54;31;63;43;4;23;12;36;76;72;61;30;64;20;19;43;69;4;54;75;18;48;39;10;73;40;46
2016-01-03;4;42;41;9;14;75;35;34;49;68;70;6;23;21;65;67;81;82;28;71;22;26;51;65;4;61;77;28;50;55;9;79;63;59
2016-01-10;5;44;39;15;43;85;36;60;47;66;77;6;24;28;77;63;77;84;24;67;20;29;52;61;6;64;77;26;47;54;9;76;73;61
2016-01-17;6;43;48;41;20;89;36;70;49;65;81;7;23;29;83;64;79;84;24;66;21;30;56;62;7;65;78;25;48;58;8;73;70;69
2016-01-24;8;44;50;22;37;86;39;57;48;72;83;7;23;31;89;66;84;85;30;65;21;32;62;62;7;66;78;24;48;49;8;67;71;86
2016-01-31;8;47;49;57;45;88;40;46;48;72;84;7;23;28;90;67;82;90;27;66;22;40;68;63;13;69;78;22;50;50;9;64;76;97
2016-02-07;7;50;57;48;57;89;39;48;51;71;83;7;23;25;89;69;86;87;26;64;22;40;61;67;11;70;80;22;52;52;8;61;74;83
2016-02-14;8;46;49;28;49;87;42;62;51;65;79;8;22;33;86;68;79;84;24;65;23;39;59;65;8;69;81;22;49;50;9;62;74;75
2016-02-21;12;50;56;44;84;91;44;64;52;67;84;10;23;32;92;67;82;90;24;65;22;47;61;64;11;69;82;23;50;48;8;61;81;74
2016-02-28;19;51;61;61;100;91;43;54;50;67;86;8;23;27;94;66;80;91;23;65;22;56;64;64;18;68;82;22;48;49;10;59;85;77
2016-03-06;14;66;54;99;96;91;44;52;50;70;91;8;24;26;91;68;100;87;24;67;20;55;59;63;13;69;80;21;61;48;9;56;86;69
2016-03-13;16;51;53;64;87;84;43;64;52;66;84;7;23;26;87;69;80;85;23;64;22;50;58;65;14;68;77;23;54;46;9;52;78;71
2016-03-20;11;48;46;62;46;77;44;51;48;61;76;8;23;24;77;75;80;78;24;62;21;39;55;62;9;69;75;47;50;42;9;51;67;64
2016-03-27;9;47;42;60;28;78;43;67;47;61;82;7;24;22;82;66;92;82;24;63;21;37;63;61;8;69;75;32;51;42;9;50;72;73
2016-04-03;8;53;48;60;36;84;45;62;52;65;91;8;23;25;88;63;89;87;23;66;20;38;58;60;8;67;79;25;51;43;9;50;79;77
2016-04-10;6;53;50;48;24;87;46;72;52;68;97;8;23;23;92;63;92;87;24;68;20;35;64;62;8;68;77;24;60;42;11;49;81;90
2016-04-17;7;53;48;53;38;86;47;50;54;66;100;9;23;25;90;63;86;88;24;79;20;38;55;61;9;69;76;24;61;44;10;45;81;73
2016-04-24;7;53;49;40;42;85;44;62;52;67;100;8;22;27;90;63;82;88;22;66;22;38;50;61;8;68;74;25;79;44;9;45;84;58
2016-05-01;11;54;51;43;44;86;45;51;48;66;96;8;23;24;88;62;82;89;24;64;23;41;48;62;12;66;76;22;100;42;9;45;82;53
2016-05-08;8;50;48;38;22;85;45;31;49;67;94;9;23;22;84;62;77;97;24;65;24;35;46;61;8;65;75;23;89;45;8;47;78;49
2016-05-15;7;44;44;48;15;82;44;38;50;67;90;9;23;21;79;60;77;90;24;66;23;33;43;60;7;64;75;24;68;41;9;48;71;48
2016-05-22;6;44;44;22;19;77;43;46;49;65;83;8;23;22;74;62;78;86;25;65;20;30;44;60;8;61;73;21;62;42;9;47;67;48
2016-05-29;6;43;40;20;9;73;41;52;49;65;72;8;26;21;65;62;77;78;27;63;20;28;43;61;8;59;72;19;55;41;9;49;57;48
2016-06-05;7;42;44;80;20;72;41;49;47;68;71;9;29;19;67;60;78;79;24;62;38;33;46;59;22;62;73;19;49;40;9;50;58;48
2016-06-12;8;35;35;17;10;66;38;53;47;62;67;10;27;20;66;58;74;78;23;61;42;31;45;61;11;66;72;48;50;41;8;47;51;48
2016-06-19;7;34;33;13;11;81;40;64;50;61;62;100;30;21;65;57;80;78;25;65;29;32;46;64;7;55;71;19;44;73;9;50;52;48
2016-06-26;5;33;56;11;10;71;51;40;46;63;54;35;26;22;59;57;100;74;23;62;19;32;48;65;8;53;70;24;42;57;10;51;48;53
2016-07-03;5;33;60;11;12;63;44;47;47;61;51;10;26;32;53;59;75;71;25;63;19;30;49;64;15;54;69;25;43;39;9;52;45;53
2016-07-10;6;28;55;13;18;64;43;41;45;63;54;8;25;19;58;56;81;72;25;68;21;32;54;64;9;55;68;37;38;48;9;52;49;55
2016-07-17;18;31;44;26;74;67;40;41;49;63;53;7;25;21;60;57;77;76;24;65;21;40;61;66;17;55;68;32;38;45;8;52;50;59
2016-07-24;13;31;36;80;22;67;39;85;50;64;54;5;27;27;58;58;81;75;26;70;25;54;78;69;38;52;69;29;42;44;9;52;53;68
2016-07-31;12;33;33;13;14;66;38;36;50;69;54;5;30;35;57;58;77;74;26;70;21;48;65;73;15;50;70;23;40;44;9;49;54;65
2016-08-07;8;32;30;7;9;63;36;56;50;76;57;5;40;49;59;55;78;74;22;71;24;41;46;90;12;49;67;21;36;43;8;46;55;49
2016-08-14;7;31;32;6;7;62;35;41;50;58;59;4;34;40;63;56;76;81;22;69;24;36;43;86;9;52;66;18;40;38;9;45;59;47
2016-08-21;6;32;34;7;7;71;38;52;52;64;70;5;26;31;72;59;78;83;23;66;20;38;46;72;11;57;71;18;43;41;8;46;64;46
2016-08-28;7;35;43;7;8;76;40;63;55;66;79;5;23;38;79;60;77;87;24;64;19;39;46;66;9;61;73;18;46;46;9;43;68;48
2016-09-04;6;39;38;7;8;79;39;73;56;69;84;5;25;32;86;62;75;89;26;68;22;43;46;68;12;66;81;20;46;43;10;44;65;47
2016-09-11;8;39;45;9;9;83;41;43;56;69;91;6;24;46;93;61;77;90;22;65;20;45;49;66;46;68;82;22;44;37;10;44;70;48
2016-09-18;7;44;55;8;9;85;43;56;60;71;94;6;25;37;95;63;75;92;21;65;25;46;50;64;17;67;81;34;45;48;9;45;72;49
2016-09-25;14;42;54;11;15;86;42;56;66;70;88;6;24;33;91;64;77;90;23;67;24;55;52;64;39;68;80;28;48;49;8;43;72;53
2016-10-02;14;42;47;10;13;82;38;56;61;72;86;6;24;33;90;59;72;85;23;67;29;50;48;67;17;68;78;25;49;46;9;42;73;52
2016-10-09;24;49;49;13;21;84;41;42;68;72;84;6;25;30;90;61;72;84;23;69;39;64;47;67;37;68;79;24;51;41;10;46;79;49
2016-10-16;18;47;48;14;19;86;64;58;65;81;89;7;24;33;95;61;74;88;26;69;35;60;48;65;30;66;77;25;49;45;9;46;82;50
2016-10-23;13;47;48;14;18;86;40;39;67;73;87;7;24;31;93;58;76;86;24;67;29;59;46;67;27;69;78;22;44;45;12;46;81;49
2016-10-30;14;47;50;16;20;84;40;49;71;74;85;6;26;33;90;59;75;86;24;66;27;78;46;64;35;67;74;24;44;44;14;44;81;48
2016-11-06;100;53;91;44;72;100;39;59;66;72;81;7;100;39;91;59;74;88;21;70;31;100;53;75;100;72;71;24;48;71;100;43;87;52
2016-11-13;25;53;82;14;16;95;41;65;64;80;91;7;28;34;96;63;76;89;25;69;25;43;55;73;16;71;78;24;47;49;31;47;100;52
2016-11-20;12;43;53;8;8;78;37;52;56;71;68;6;25;25;80;61;65;74;23;66;21;34;45;76;8;65;79;20;43;46;18;46;75;45
2016-11-27;9;51;55;8;8;89;41;57;70;79;88;7;24;37;97;65;77;88;31;65;22;35;53;78;5;72;92;25;46;46;16;45;91;51
2016-12-04;8;51;55;8;7;90;40;54;61;78;90;8;22;32;97;64;77;84;22;67;22;35;51;73;4;69;100;24;46;46;15;43;87;48
2016-12-11;7;44;45;7;7;82;38;44;62;76;81;7;22;28;83;65;75;75;23;68;31;32;49;75;3;66;76;22;47;45;15;41;74;48
2016-12-18;7;34;35;6;6;66;33;32;54;68;53;5;21;18;51;63;71;59;23;67;29;25;45;75;3;60;69;24;43;45;13;45;50;47
2016-12-25;6;27;25;4;5;54;32;61;44;61;38;4;22;16;37;64;71;54;24;64;29;20;42;77;3;56;69;15;43;43;13;63;41;45
2017-01-01;7;36;35;6;7;69;38;64;57;66;62;5;24;23;99;66;90;74;25;66;25;25;51;72;2;56;70;21;44;47;17;76;55;60
2017-01-08;13;41;41;7;9;81;41;70;70;67;76;6;23;27;85;62;85;83;24;68;30;32;55;67;3;60;71;19;43;50;12;77;66;62
2017-01-15;29;54;46;10;13;84;42;78;67;68;76;7;26;94;89;61;87;91;24;69;24;36;58;66;6;68;75;22;43;54;13;78;73;70
2017-01-22;25;87;49;10;13;89;43;47;68;68;82;7;25;80;97;62;92;89;23;70;23;40;66;67;4;67;73;23;45;56;11;71;78;85
2017-01-29;21;49;52;10;12;87;43;57;70;70;80;8;26;36;93;61;95;92;26;66;22;42;79;68;3;77;73;40;44;55;14;64;77;100
2017-02-05;15;47;53;9;10;88;44;51;73;68;81;7;23;34;100;62;90;100;21;68;22;40;69;67;3;68;73;27;44;54;13;63;75;86
2017-02-12;12;48;48;8;9;86;44;53;76;67;81;7;23;31;91;59;86;87;20;65;28;39;67;65;2;65;75;24;43;54;12;61;75;88
2017-02-19;9;55;51;9;8;87;46;51;68;69;81;7;23;28;91;59;88;88;24;66;22;35;67;65;2;66;76;35;42;51;20;65;77;86
2017-02-26;9;57;58;11;10;92;46;33;72;69;84;8;23;31;97;62;94;94;21;68;25;36;68;65;2;68;76;25;45;53;16;61;85;84
2017-03-05;7;100;51;8;9;89;46;43;72;69;87;8;24;28;92;59;88;91;21;67;24;34;65;64;2;67;76;24;44;50;13;61;85;77
2017-03-12;7;62;49;7;7;85;45;82;65;68;82;8;24;27;87;60;84;86;20;65;21;33;62;66;2;65;73;20;41;51;12;59;81;79
2017-03-19;8;63;51;8;9;84;56;29;71;70;87;8;25;27;90;83;85;89;20;67;28;36;65;63;2;68;75;35;43;50;13;59;83;75
2017-03-26;6;56;48;7;7;83;75;65;70;70;90;10;23;24;89;61;93;88;20;67;31;33;72;64;2;65;73;24;43;50;15;57;77;82
2017-04-02;6;54;45;7;7;83;56;71;71;67;91;8;23;23;88;58;94;88;20;71;52;32;63;62;2;66;74;27;49;50;13;53;74;80
2017-04-09;6;48;43;6;6;79;53;60;67;62;83;7;24;22;79;59;83;82;20;76;39;29;65;63;1;65;71;24;53;47;12;50;67;88
2017-04-16;5;53;45;7;6;82;53;60;64;65;95;7;24;22;86;57;86;82;21;74;34;32;64;63;2;67;73;24;50;48;15;49;73;87
2017-04-23;5;54;51;7;6;86;51;64;69;70;98;8;23;25;90;58;90;87;21;71;28;34;58;64;1;66;74;25;53;50;13;49;79;70
2017-04-30;5;54;56;8;9;86;52;54;66;71;97;7;23;24;91;61;88;93;21;69;28;34;55;64;2;65;74;23;52;45;12;48;80;59
2017-05-07;6;51;53;7;8;85;50;56;82;68;91;9;22;24;83;59;83;89;20;68;27;34;51;64;2;63;73;23;47;47;13;46;75;54
2017-05-14;8;50;45;7;7;81;50;52;100;68;87;7;24;23;75;57;83;87;22;67;28;34;50;62;2;61;73;22;44;47;12;47;69;54
2017-05-21;8;41;44;6;6;74;46;53;77;65;78;6;23;24;71;55;83;85;21;67;23;31;48;61;2;66;72;52;43;47;13;49;66;52
2017-05-28;8;38;43;6;6;72;46;41;70;66;67;6;22;25;63;55;84;78;20;64;23;31;49;61;2;61;70;30;43;43;12;52;58;53
2017-06-04;7;38;38;18;6;70;45;58;72;70;66;6;23;20;66;53;85;81;19;63;24;38;49;63;2;63;72;64;41;46;11;54;55;53
2017-06-11;6;39;36;7;10;67;45;33;67;68;60;6;26;20;65;53;81;75;20;64;26;33;52;62;1;57;72;29;38;44;13;55;52;55
2017-06-18;5;37;33;6;8;66;46;76;72;76;55;6;23;22;60;53;85;75;23;64;36;31;55;62;1;55;70;30;37;43;14;58;51;55
2017-06-25;5;32;30;5;7;62;45;74;80;63;52;5;23;20;57;55;93;70;24;65;25;27;78;65;1;52;68;19;37;39;18;55;48;71
2017-07-02;6;30;28;5;5;65;43;46;71;61;51;5;24;38;57;54;78;72;23;75;23;25;61;66;1;53;70;19;39;50;20;55;45;63
2017-07-09;7;32;31;5;7;67;45;55;82;63;52;5;23;20;59;54;88;77;22;71;24;26;64;71;2;50;70;19;43;51;17;58;49;64
2017-07-16;5;33;29;5;6;65;47;44;74;63;54;5;24;21;58;53;92;75;22;75;23;26;73;70;1;49;69;17;49;49;16;57;47;66
2017-07-23;6;30;29;5;7;65;44;52;75;63;52;5;25;23;58;55;87;77;21;73;22;28;97;68;1;50;70;16;49;50;15;56;49;76
2017-07-30;5;31;30;5;6;66;44;76;74;68;54;4;24;33;57;54;91;76;21;72;23;27;100;64;1;48;69;16;43;52;15;54;50;81
2017-08-06;5;30;31;5;5;64;42;41;72;74;55;4;24;43;59;52;83;76;21;77;21;27;54;64;1;51;69;16;44;49;15;51;52;56
2017-08-13;8;28;99;7;7;65;42;40;71;63;58;4;24;50;61;51;78;78;19;73;20;33;47;64;2;54;68;40;43;48;12;48;69;51
2017-08-20;6;29;49;6;6;68;52;51;74;62;68;4;25;28;67;53;77;81;20;69;19;29;46;62;2;55;70;22;38;48;11;46;62;49
2017-08-27;5;30;41;5;5;72;47;37;73;79;74;5;25;23;75;55;82;80;20;67;20;28;55;63;1;60;71;17;37;46;11;44;63;53
2017-09-03;4;32;39;6;5;77;44;52;74;74;80;5;25;24;81;53;75;87;20;70;23;30;49;63;2;63;77;17;39;46;11;44;64;48
2017-09-10;4;35;48;7;5;82;45;36;87;74;88;6;24;31;91;56;80;92;19;70;21;31;55;64;4;67;79;23;37;52;11;41;67;52
2017-09-17;5;38;43;7;6;86;45;54;90;70;92;6;23;31;92;58;80;88;20;68;22;32;52;64;3;67;81;20;41;52;12;44;67;51
2017-09-24;8;41;60;7;8;87;52;63;88;75;86;6;22;100;88;58;83;85;19;68;22;34;53;65;2;66;79;19;46;49;10;41;67;55
2017-10-01;6;42;47;7;8;85;44;58;92;73;90;6;24;35;90;56;83;84;19;69;22;33;51;64;2;66;79;67;42;48;11;41;68;53
2017-10-08;7;44;49;7;7;85;46;38;92;74;85;6;25;37;91;56;85;88;20;69;26;33;56;67;2;64;79;21;48;53;11;44;72;55
2017-10-15;5;47;49;7;7;84;46;29;88;73;84;6;23;30;88;57;89;84;18;68;22;32;50;68;3;67;77;21;46;51;11;46;75;50
2017-10-22;5;44;49;7;8;84;44;46;92;71;82;6;23;40;92;60;90;84;20;67;23;32;55;67;3;67;77;20;43;54;12;45;73;55
2017-10-29;6;43;48;8;9;84;44;69;86;72;79;6;23;33;89;56;87;84;20;67;24;35;61;64;3;67;75;28;44;54;12;45;76;64
2017-11-05;5;46;46;10;10;85;45;57;84;74;84;6;24;33;93;59;82;88;19;73;25;36;53;65;2;68;78;29;46;55;15;48;77;56
2017-11-12;6;46;47;8;10;86;45;32;90;78;86;7;23;31;93;60;83;86;19;75;28;35;53;66;2;68;81;22;45;56;12;48;80;57
2017-11-19;4;39;39;6;6;72;41;50;79;71;65;6;24;26;79;56;69;70;20;68;20;29;46;68;1;63;91;20;40;53;11;45;66;49
2017-11-26;6;47;50;7;9;85;45;47;96;80;82;7;23;33;92;62;87;85;19;66;27;33;54;69;2;72;94;23;59;54;12;48;81;72
2017-12-03;6;48;50;8;9;85;43;57;85;79;85;7;22;27;95;63;87;86;18;67;27;35;54;70;2;70;78;22;47;54;13;45;87;65
2017-12-10;6;49;47;8;10;81;41;41;82;75;81;7;22;25;89;61;85;78;21;65;22;35;54;70;2;68;76;21;43;55;14;44;79;64
2017-12-17;5;36;32;6;8;67;36;43;71;70;60;5;21;19;57;60;92;64;90;62;20;26;53;70;1;57;72;17;39;53;13;45;55;90
2017-12-24;4;29;24;4;5;53;32;58;55;57;36;3;22;12;36;60;78;57;44;65;20;21;46;74;1;55;72;12;39;48;17;63;39;65
2017-12-31;6;33;28;5;5;68;36;89;66;68;53;4;24;18;49;66;93;68;26;66;20;27;51;69;2;50;71;14;39;53;53;78;50;66
2018-01-07;7;38;53;7;7;79;40;44;80;69;74;6;23;26;73;58;95;85;24;68;21;29;56;65;1;59;72;17;39;57;24;77;69;69